{
  "This": 18.181818181818183,
  "is": 9.090909090909092,
  "a": 9.090909090909092,
  "sample": 18.181818181818183,
  "text.": 9.090909090909092,
  "text": 9.090909090909092,
  "contains": 9.090909090909092,
  "some": 9.090909090909092,
  "words.": 9.090909090909092
}